Wavelength,Deep Blue,LimeGreen,Deep Red,Far Red,CHA,CHB,BC
350,0.130 ,0.000 ,0,0,0,0,0
351,0.151 ,0.000 ,0,0,0,0,0
352,0.216 ,0.000 ,0,0,0,0,0
353,0.000 ,0.000 ,0,0,0,0,0
354,0.000 ,0.000 ,0,0,0,0,0
355,0.216 ,0.000 ,0,0,0,0,0
356,0.302 ,0.000 ,0,0,0,0,0
357,0.000 ,0.000 ,0,0,0,0,0
358,0.000 ,0.000 ,0,0,0,0,0
359,0.173 ,0.000 ,0,0,0,0,0
360,0.324 ,0.000 ,0,0,0,0,0
361,0.194 ,0.000 ,0,0,0,0,0
362,0.065 ,0.000 ,0,0,0,0,0
363,0.302 ,0.000 ,0,0,0,0,0
364,0.130 ,0.000 ,0,0,0,0,0
365,0.108 ,0.000 ,0,0,0,0,0
366,0.281 ,0.000 ,0,0,0,0,0
367,0.000 ,0.000 ,0,0,0,0,0
368,0.065 ,0.000 ,0,0,0,0,0
369,0.151 ,0.000 ,0,0,0,0,0
370,0.022 ,0.000 ,0,0,0,0,0
371,0.151 ,0.000 ,0,0,0,0,0
372,0.130 ,0.000 ,0,0,0,0,0
373,0.173 ,0.000 ,0,0,0,0,0
374,0.238 ,0.000 ,0,0,0,0,0
375,0.259 ,0.000 ,0,0,0,0,0
376,0.238 ,0.000 ,0,0,0,0,0
377,0.302 ,0.000 ,0,0,0,0,0
378,0.194 ,0.000 ,0,0,0,0,0
379,0.130 ,0.000 ,0,0,8.17144814476776,9.77169007311812,4.88122266660962
380,0.151 ,0.000 ,0,0,8.19295195567505,9.79740504699475,4.89406798941649
381,0.216 ,0.000 ,0,0,8.21445576658233,9.82312002087137,4.90691331222335
382,0.259 ,0.000 ,0,0,8.23595957748962,9.848834994748,4.5097787487777
383,0.108 ,0.000 ,0,0,9.08320972723659,9.87454996862463,4.52155362801733
384,0.065 ,0.000 ,0,0,9.1068639192346,9.90026494250125,4.12120773386996
385,0.216 ,0.000 ,0,0,9.13051811123261,9.92597991637788,3.96663568276066
386,0.194 ,0.000 ,0,0,9.9863697853425,9.9516948902545,3.76978111074541
387,0.238 ,0.000 ,0,0,10.0121743584312,9.97740986413113,3.6133893055718
388,0.151 ,0.000 ,0,0,10.4562280536666,10.0031248380078,3.49778140031
389,0.216 ,0.000 ,0,0,10.9024321299928,10.0288398118844,3.38153122890785
390,0.389 ,0.000 ,0,0,11.771186090647,10.4269457037522,3.34834747832344
391,0.281 ,0.000 ,0,0,12.2227661197,10.4536130840687,3.31494963902558
392,0.518 ,0.000 ,0,0,12.2539466455156,11.228871926127,3.32340614320677
393,0.367 ,0.000 ,0,0,13.5560023959516,11.632692256634,3.37403812393717
394,0.389 ,0.000 ,0,0,13.5904084934032,12.0384174000208,3.42488419338102
395,0.346 ,0.000 ,0,0,13.6248145908549,12.8232003064778,3.51833391680098
396,0.367 ,0.000 ,0,0,14.9397726278353,13.233687482064,3.61221181764784
397,0.432 ,0.000 ,0,0,14.977404296923,14.0251372336001,3.70651789592159
398,0.432 ,0.000 ,0,0,15.8730380212114,14.4403864413857,3.84396284995507
399,0.432 ,0.000 ,0,0,15.9128200713899,15.238503038001,3.93923232743934
400,0.583 ,0.187 ,0,0,16.3837535302594,15.6585142779859,4.07785476939679
401,0.605 ,0.130 ,0,0,16.8568373702196,16.0804303308505,4.17408764609157
402,0.670 ,0.259 ,0,0,17.3320715912706,16.5042511965949,4.27074870021324
403,0.713 ,0.173 ,0,0,17.3750792130851,16.5452046735095,4.32459201164536
404,0.972 ,0.086 ,0,0,18.2889911766447,16.9718827585736,4.33529644731775
405,0.907 ,0.317 ,0,0,18.33414917955,17.0137886419281,4.78060097128916
406,0.994 ,0.346 ,0,0,18.8169097344185,17.4433239463117,4.79237585052878
407,1.145 ,0.446 ,0,0,18.8631429278692,17.4861822361061,4.80415072976841
408,1.555 ,0.432 ,0,0,19.3491290543738,17.5290405259005,5.25373702800877
409,1.534 ,0.562 ,0,0,20.2780936855684,17.5718988156949,5.26658235081564
410,1.793 ,0.634 ,0,0,20.7694557647998,17.6147571054892,5.71937997975772
411,2.009 ,0.634 ,0,0,21.262968225122,17.6576153952836,6.17431849583427
412,2.419 ,0.763 ,0,0,21.7586310665349,17.3071298254096,6.6313978990453
413,2.830 ,0.965 ,0,0,22.7015731748193,17.3490357087641,7.09061818939081
414,3.024 ,1.008 ,0,0,23.202611968959,17.7861902646668,7.5519793668708
415,3.845 ,1.138 ,0,0,24.1530804110609,17.8290485544611,8.46078595545667
416,4.579 ,1.296 ,0,0,24.6594951579275,18.2690603296834,8.92749935077285
417,5.270 ,1.368 ,0,0,26.0669195818092,19.1090828096532,9.8437990443294
418,6.178 ,1.714 ,0,0,27.0302903104555,19.5538566170749,10.7643805121549
419,7.625 ,1.915 ,0,0,27.5463817722303,20.8005566468713,11.6892437542493
420,8.446 ,1.958 ,0,0,28.5172788346941,22.052971115307,12.6183887706128
421,10.822 ,2.333 ,0,0,28.5850158390521,23.311100022382,13.5518155612451
422,12.722 ,2.578 ,0,0,29.5623640447881,24.5749433680962,14.0367264972044
423,14.580 ,2.678 ,0,0,29.6322514302368,25.8445011524496,14.9776463928074
424,17.712 ,2.995 ,0,0,30.616050779245,26.7150006384954,15.4679095466028
425,21.125 ,3.283 ,0,0,30.6880885457844,27.5893097503007,15.9603135875328
426,24.559 ,3.370 ,0,0,30.3010199494533,28.4674284878656,15.9977791123861
427,28.750 ,3.614 ,0,0,30.8321640788632,28.5340969386568,16.4933944840178
428,33.372 ,3.816 ,0,0,30.9042018454026,28.1921830267417,16.5319304524384
429,39.398 ,4.075 ,0,0,30.976239611942,27.8483643019468,16.570466420859
430,45.490 ,3.902 ,0,0,31.5116845035334,26.6816664130998,16.1476412117996
431,52.121 ,4.666 ,0,0,32.0492797762155,24.6863749215616,16.1851067366529
432,58.925 ,4.694 ,0,0,32.1234679238456,22.2691673771587,16.2225722615063
433,67.176 ,4.910 ,0,0,32.1976560714757,19.8405309554773,16.2600377863597
434,76.118 ,4.939 ,0,0,32.7395521063393,16.571872053826,16.297503311213
435,85.147 ,4.882 ,0,0,33.2835985222935,13.7032238569224,16.8016822313826
436,95.710 ,4.997 ,0,0,33.8297953193385,11.2374435840858,17.3080020386866
437,107.698 ,5.184 ,0,0,34.3781424974743,8.7602344339708,17.8164627331251
438,119.772 ,5.429 ,0,0,34.9286400567007,7.10780926078757,18.796989040716
439,131.846 ,5.558 ,0,0,35.9543718369782,5.86682366963037,20.252792292161
440,146.858 ,5.645 ,0,0,36.984404379437,4.62012363983392,21.7150182050094
441,161.849 ,5.731 ,0,0,38.0187376840774,3.70448008853803,23.6568028359808
442,177.271 ,5.904 ,0,0,38.1047529277065,2.99560397533903,26.081357515777
443,190.642 ,5.990 ,0,0,39.145537375619,2.3257765261749,28.5166166312457
444,202.738 ,6.365 ,0,0,39.712162793026,1.86481180927537,31.438927569808
445,210.600 ,6.581 ,0,0,40.760473574756,1.5291837798634,34.3740838311772
446,214.704 ,7.013 ,0,0,40.851864771112,1.31974960373487,37.3220854153533
447,216.000 ,7.402 ,0,0,41.4249413317911,1.06669521266007,39.8033736042132
448,210.535 ,7.373 ,0,0,41.5174077186924,0.940787081308584,42.7759953904357
449,200.664 ,7.474 ,0,0,42.0937098510076,0.857165795887554,45.2797628942076
450,187.423 ,7.459 ,0,0.0312,42.6721623644136,0.644302956575478,46.8286947360024
451,168.005 ,7.502 ,0.4536,0.0168,41.7948068793964,0.645731566235291,47.9002087468086
452,151.589 ,7.157 ,0.4536,0.024,41.8872732662977,0.560872152442423,48.4910935959245
453,134.676 ,6.768 ,0.3024,0.024,41.4916031456037,0.518871028443933,48.1121565731219
454,118.692 ,6.293 ,0.2808,0.0168,41.0937826438189,0.476679423157468,47.2440268400911
455,104.782 ,5.818 ,0.4104,0.0192,40.2035248722574,0.425611389851367,45.8834930661304
456,92.988 ,5.429 ,0.2808,0.012,39.8003284177458,0.391724768720612,44.0273439205381
457,82.858 ,4.896 ,0.2592,0.024,39.3949815821435,0.410030020495011,41.6723680726124
458,75.492 ,4.680 ,0.3672,0.0168,38.4939719051284,0.349723644722122,38.8153541916516
459,69.811 ,4.363 ,0.1728,0.0144,37.5886614659317,0.341723430627172,35.945494987884
460,65.102 ,4.075 ,0.2376,0.0048,36.6790502645536,0.36002868240157,33.0627904613095
461,60.415 ,4.003 ,0.1728,0.012,36.2618763329523,0.352009420177822,30.1672406119281
462,55.469 ,3.787 ,0.1944,0.012,35.3447387977567,0.291036359897021,27.2588454397399
463,50.328 ,3.744 ,0.3024,0.0072,35.4210773264775,0.304922445790399,24.3376049447448
464,45.922 ,3.773 ,0.2376,0.0168,34.4974886480097,0.305579606233913,21.4035191269428
465,41.256 ,3.874 ,0.1296,0.012,34.5716767956398,0.284045696628338,18.9554146886674
466,36.418 ,3.816 ,0.2376,0.012,34.1437509585849,0.280207498675641,16.4966058147195
467,31.946 ,3.787 ,0.0216,0.0168,34.2168639156697,0.231777631207995,14.528060094567
468,28.490 ,3.974 ,0.1296,0.0144,34.2899768727544,0.281407530789884,12.5509508258767
469,25.121 ,3.974 ,0.1944,0.012,34.3630898298392,0.295436477649244,10.5652780086484
470,21.816 ,4.147 ,0.1728,0.0096,34.9426175337905,0.242235053917823,9.07522056305183
471,18.986 ,4.018 ,0.0648,0.0144,35.0168056814206,0.296693654149879,7.57874045605178
472,16.783 ,3.974 ,0.0216,0.0168,35.0909938290507,0.32435153716385,6.58215749495231
473,15.271 ,3.874 ,0.1296,0.0024,35.6748222951835,0.306979643700529,5.58129275958389
474,14.105 ,3.816 ,0.1296,0.0144,36.2608011424069,0.280483696543205,4.52530018050267
475,12.960 ,3.989 ,0.108,0.012,35.8253489715345,0.358142917650618,3.87243664884363
476,11.664 ,3.830 ,0.0864,0.0144,35.3877464195712,0.313465531556079,3.31891028022437
477,10.735 ,3.845 ,0.0648,0.0072,36.4898167285695,0.273150166956167,2.8141961382712
478,9.526 ,4.162 ,0.0864,0.0072,36.0511389860609,0.392334308842132,2.4611638497958
479,8.597 ,4.291 ,0.1728,0.012,36.1264023242364,0.379438725646224,2.15801423155373
480,7.776 ,4.723 ,0.0648,0,35.1673323577716,0.343580623184928,1.95655675219936
481,7.301 ,4.838 ,0.0216,0.0072,34.7222034719908,0.348885527055032,1.75424291799119
482,6.286 ,5.429 ,0.1512,0.012,34.2749242051193,0.395610586995302,1.60277515322688
483,5.746 ,5.731 ,0.1944,0.0096,32.7847101092446,0.396429656533595,1.50247459097659
484,5.033 ,6.235 ,0.1296,0.0096,31.8095122845992,0.420344582238858,1.34982933828832
485,4.730 ,6.739 ,0.1512,0.0144,31.3525563028195,0.462869529779279,1.30058893419533
486,4.104 ,7.301 ,0.108,0.0144,29.3225965531719,0.463821936219154,1.35539564483796
487,3.499 ,7.949 ,0,0.0144,27.8087282652991,0.511251776924932,1.30594115203152
488,3.175 ,8.683 ,0.1296,0.0144,26.8141770108373,0.512299424008795,1.25627257051163
489,3.002 ,9.605 ,0.1296,0.0072,25.2884816269655,0.513347071092657,1.2063899002783
490,2.743 ,10.714 ,0.0864,0.0144,23.7563350998215,0.51439471817652,1.20885192048295
491,2.398 ,11.621 ,0.0216,0.0096,22.2177374294054,0.562300762102236,1.2113139406876
492,2.160 ,12.946 ,0.2376,0.0096,21.2027575545816,0.516490012344245,1.21377596089225
493,2.160 ,14.832 ,0.108,0.0168,19.6523327881665,0.47048878129828,1.2162379810969
494,1.879 ,16.531 ,0.1512,0.0144,17.5632375585239,0.612873544059601,1.21870000130155
495,1.793 ,18.590 ,0.0216,0.0048,16.5321298255196,0.47239359417803,1.2211620215062
496,1.728 ,20.390 ,0.0864,0.0072,14.9623516292879,0.520680600679695,1.22362404171085
497,1.534 ,23.040 ,0.1728,0.0048,13.386122289784,0.569158088469336,1.22608606191549
498,1.534 ,25.978 ,0.0432,0.0072,12.3399618891447,0.570300976197186,1.22854808212014
499,1.382 ,28.742 ,0.0432,0.012,11.2895007263239,0.523823541931283,1.23101010232479
500,1.210 ,32.026 ,0.108,0.0144,10.2347388013216,0.572586751652886,1.23347212252944
501,1.210 ,35.424 ,0.1296,0.0096,9.17567611413791,0.525918836099008,1.23593414273409
502,1.145 ,39.355 ,0.108,0.0072,8.65313350909092,0.574872527108586,1.23839616293874
503,1.015 ,42.278 ,0.1728,0.0048,7.04464845322611,0.528014130266733,1.24085818314339
504,1.102 ,47.405 ,0.216,0.0144,6.51565470490693,0.577158302564286,1.24332020334804
505,0.907 ,51.509 ,0.0648,0.012,5.98451057549702,0.578301190292136,1.24578222355269
506,0.864 ,56.290 ,0.1944,0.0096,5.2876795830465,0.579444078019987,1.24824424375734
507,0.821 ,60.394 ,0.1296,0.0072,4.58805309517803,0.532204718602184,1.25070626396199
508,0.713 ,65.808 ,0.0864,0.012,3.88563111189161,0.581729853475687,1.25316828416664
509,0.713 ,70.733 ,0.0216,0,3.78359552913655,0.631445469637165,1.31022292630048
510,0.691 ,74.362 ,0.1296,0.012,3.40641868582279,0.584015628931387,1.31279199086185
511,0.670 ,79.574 ,0.1512,0.012,2.80753755205494,0.585158516659237,1.26055434478059
512,0.691 ,83.966 ,0.108,0.0072,2.75786374885912,0.635159854752678,1.3179301199846
513,0.691 ,87.998 ,0.1944,0.0144,2.48691573142735,0.734305365143671,1.32049918454597
514,0.648 ,93.197 ,0.1512,0.0168,2.27026483653647,0.637636111496353,1.32306824910734
515,0.626 ,97.258 ,0.0864,0.0096,1.71987479636454,0.78630675676085,1.38087220173825
516,0.540 ,101.405 ,0.1728,0.012,1.61203318466451,0.83707002000619,1.38354831065634
517,0.583 ,105.725 ,0.0864,0.0144,1.50376149674634,0.888023764539506,1.38622441957444
518,0.583 ,109.613 ,0.0432,0.0168,1.61826928982763,0.840308201901766,1.38890052849254
519,0.583 ,112.133 ,0.0216,0.0168,1.17410807553768,0.940977562596559,1.44723970290706
520,0.583 ,116.294 ,0.0216,0.012,1.51247054016379,0.942787134832322,1.50579296603503
521,0.540 ,118.858 ,0.0648,0.0096,1.45924860816826,0.994312323229563,1.50868316366658
522,0.540 ,120.974 ,0.1296,0.012,0.955951913883292,1.09583884972024,1.51157336129812
523,0.475 ,123.912 ,0.1512,0.0144,0.56339984577083,1.04802804643852,1.57055480185299
524,0.562 ,126.590 ,0.1296,0.0144,0.733817547211052,1.15003077614914,1.6297503311213
525,0.475 ,128.506 ,0.216,0.0192,0.622105249547714,1.10212473222342,1.68915994910306
526,0.475 ,130.666 ,0.1296,0.0192,0.113325083481385,1.10422002639114,1.69237127980478
527,0.346 ,132.034 ,0.1728,0.0168,0.738010790337973,1.15660238058427,1.80862145120693
528,0.475 ,133.099 ,0.1512,0.012,1.08067401714554,1.10841061472659,1.86867333532904
529,0.454 ,135.778 ,0.1728,0.0192,0.797791384660221,1.21146099152108,1.92893930816459
530,0.367 ,136.253 ,0.1728,0.0048,0.559507655996612,1.21374676697678,1.98941936971359
531,0.454 ,138.557 ,0.1512,0.0168,0.629201507147118,1.16536451983112,2.05011351997604
532,0.346 ,138.874 ,0.1296,0.0168,0.630384216747018,1.16755505464284,2.11102175895194
533,0.367 ,139.378 ,0.1944,0.0096,0.19521159541632,1.16974558945455,2.17214408664128
534,0.410 ,140.602 ,0.0864,0.012,0.166815813113252,1.22288986879958,2.23348050304407
535,0.432 ,140.846 ,0.1728,0.0168,0.426463577913248,1.12307767390067,2.29503100816031
536,0.432 ,141.379 ,0.1512,0.0192,0.35797394017355,1.1251729680684,2.29931278242927
537,0.389 ,142.085 ,0.3888,0.0192,-0.144613128351482,1.07602879577084,2.36118442061568
538,0.346 ,142.834 ,0.216,0.012,0.753386015136681,1.12936355640385,2.42327014751554
539,0.432 ,143.050 ,0.216,0.0168,0.754783762845654,1.02859895506506,2.48556996312884
540,0.367 ,143.093 ,0.2592,0.0144,0.331556508473952,1.03050376794482,2.49017287046797
541,0.389 ,142.286 ,0.1944,0.0192,0.425409891178791,0.980788151783337,2.4947757778071
542,0.367 ,143.179 ,0.2376,0.0216,0.449547918922217,0.930882054333884,2.5575037708473
543,0.367 ,143.582 ,0.216,0.0144,0.210565316404121,1.03621820658407,2.56221372254315
544,0.302 ,143.597 ,0.2592,0.0216,0.25783069277833,0.882404566544243,2.56692367423901
545,0.259 ,144.000 ,0.3024,0.0264,0.358102963038994,0.884023657492031,2.6300798447061
546,0.367 ,143.006 ,0.3672,0.024,0.705755073977048,0.885642748439819,2.63489684075868
547,0.302 ,143.136 ,0.3888,0.0264,0.477255579276252,0.887261839387606,2.63971383681125
548,0.302 ,142.258 ,0.4104,0.0264,0.336459377360813,0.888880930335394,2.64453083286383
549,0.302 ,142.517 ,0.4752,0.024,0.508565127957257,0.890500021283181,2.6493478289164
550,0.367 ,141.538 ,0.4536,0.0312,0.651672989545229,0.944596707068085,2.65416482496898
551,0.324 ,141.797 ,0.4536,0.0336,-0.183986606122718,0.998883874140963,2.65898182102155
552,0.302 ,142.459 ,0.5184,0.048,0.231886344918693,1.05336152250182,2.66379881707413
553,0.324 ,142.574 ,0.54,0.0504,0.089348334319763,1.05526633538157,2.6686158131267
554,0.346 ,141.365 ,0.6264,0.0504,0.280463453758246,1.16288826308745,2.67343280917928
555,0.259 ,140.472 ,0.6912,0.048,0.004902008734424,1.21793735531223,2.73776646757034
556,0.194 ,140.616 ,0.864,0.0624,0.562948265741777,1.32622596752602,2.74269050797964
557,0.259 ,139.781 ,0.9288,0.0624,0.173987334050832,1.32860698362571,2.74761454838894
558,0.324 ,139.147 ,1.0584,0.06,0.384660169509489,1.43746703970343,2.8123763842069
559,0.281 ,137.650 ,1.1016,0.084,0.445558961998916,1.49337329772409,2.81740746897292
560,0.238 ,138.845 ,1.3824,0.0888,0.301590947974652,1.60290003830973,2.88249043786105
561,0.216 ,137.779 ,1.5336,0.096,0.422979960546268,1.76633298339229,2.8876285669838
562,0.238 ,138.312 ,1.5768,0.1128,-0.078693196015204,1.82309640720884,2.95303266894209
563,0.216 ,138.226 ,1.7712,0.12,-0.181922240275619,1.82633458910442,2.95827784242157
564,0.281 ,138.053 ,1.9872,0.1224,0.607482658130761,1.93719469870587,2.96352301590104
565,0.259 ,136.339 ,2.3544,0.1464,0.480760700454139,2.04843577088328,2.96876818938051
566,0.238 ,134.611 ,2.6136,0.1632,-0.073155964706579,2.10605636049572,2.97401336285998
567,0.259 ,133.618 ,3.1968,0.1872,-0.164891222037051,2.16386743139614,2.97925853633945
568,0.194 ,132.912 ,3.4992,0.2064,0.073414010437466,2.22186898358453,2.98450370981892
569,0.281 ,133.430 ,3.8448,0.2232,0.251272030451609,2.28006101706089,2.98974888329839
570,0.194 ,133.358 ,4.2552,0.2544,0.466589689066239,2.33844353182523,2.99499405677786
571,0.194 ,132.739 ,4.9248,0.2808,0.067650989114314,2.4514941762384,3.00023923025733
572,0.238 ,131.242 ,5.7672,0.3216,0.184825254748102,2.45578000521784,3.0054844037368
573,0.281 ,130.406 ,6.4584,0.3456,0.394981998744985,2.40539770454845,2.94928611645676
574,0.216 ,129.672 ,7.4088,0.4056,0.377123083786486,2.51911503346953,3.01597475069574
575,0.281 ,129.629 ,8.1216,0.468,0.433516827890837,2.41377888121935,3.02121992417522
576,0.238 ,128.088 ,9.5472,0.5208,0.61418109522838,2.47292332113559,3.02646509765469
577,0.259 ,127.138 ,10.692,0.5928,0.068360614874255,2.47720915011503,3.09358190932057
578,0.173 ,127.080 ,12.1176,0.6792,0.26769019007932,2.37120631335694,3.1609128096999
579,0.238 ,125.626 ,13.4784,0.732,0.324277468481837,2.32006208753565,3.22845779879268
580,0.216 ,124.978 ,14.9688,0.8184,0.468514280142441,2.26872738042638,3.35840964785549
581,0.259 ,123.826 ,17.064,0.9048,0.187728269220586,2.21720219202914,3.42648985873188
582,0.151 ,122.443 ,19.116,1.0272,0.2570027960584,2.05443593145449,3.55719101829176
583,0.173 ,120.413 ,21.6432,1.1352,0.125582255698536,2.00233929919333,3.68832035527853
584,0.194 ,118.930 ,23.5656,1.2672,0.440290528326632,1.95005218564419,3.8198778696922
585,0.151 ,118.354 ,26.4816,1.4808,0.573356110220902,1.89757459080707,3.95186356153276
586,0.194 ,117.677 ,29.1384,1.6536,0.13885010702833,1.84490651468198,4.08427743080022
587,0.194 ,115.574 ,32.5512,1.7976,0.467836910098862,1.79204795726891,4.15417739574092
588,0.216 ,114.926 ,36.3312,1.9848,0.595289997346332,1.79509565787651,4.28734057550545
589,0.194 ,114.077 ,40.2624,2.1888,0.041233557414716,1.79814335848411,4.35777576222977
590,0.216 ,111.240 ,43.6968,2.424,-0.076252513477228,1.80119105909171,4.42842503766754
591,0.108 ,109.915 ,47.952,2.6856,0.356447169599133,1.86062122093992,4.49928840181876
592,0.194 ,108.878 ,52.3152,2.94,0.248659317426374,2.08967496972987,4.50688855114616
593,0.151 ,108.360 ,57.3912,3.2208,0.223532114381213,2.20634475861456,4.51448870047355
594,0.194 ,106.762 ,62.208,3.5544,0.40943255967468,2.38006369324778,4.52208884980095
595,0.194 ,105.350 ,68.0184,3.7872,0.557507801582234,2.49759064792836,4.46589056252091
596,0.086 ,103.867 ,73.9368,4.1736,0.141215526228131,2.72921589410597,4.40947818652741
597,0.216 ,102.082 ,79.2504,4.5144,0.014788170760939,2.84769525522643,4.35285172182047
598,0.216 ,101.434 ,85.5792,4.908,0.257615654669257,3.08065387041987,4.23189159872247
599,0.151 ,99.518 ,91.4112,5.2632,0.296752590520514,3.31437441076521,4.11050329819757
600,0.130 ,98.741 ,97.3512,5.7552,0.032955665405958,3.43437762218947,3.98868682024578
601,0.108 ,96.854 ,103.356,6.132,-0.24596058915751,3.61209666387015,3.86644216486709
602,0.130 ,95.270 ,109.9008,6.6696,0.25933595954184,3.84781725773923,3.74376933206151
603,0.108 ,93.730 ,115.02,7.0128,0.383154902745979,4.02677442779176,3.68532311329026
604,0.130 ,91.915 ,121.9968,7.536,0.279710820376491,4.09106186248332,3.62666280580557
605,0.151 ,90.720 ,128.9952,8.0712,0.50822106698274,4.27097143897572,3.56778840960742
606,0.108 ,89.654 ,134.2872,8.5968,0.326320330518028,4.45145245933204,3.57367584922724
607,0.130 ,88.013 ,140.724,9.0816,-0.059488142493909,4.57459861200789,3.51448031995892
608,0.130 ,86.875 ,147.5928,9.6384,0.366682983591,4.64012417507129,3.52026071522201
609,0.151 ,85.594 ,153.5544,10.2456,0.655866232672149,4.6477434265903,3.52604111048511
610,0.108 ,83.808 ,159.5808,10.8264,0.466428410484435,4.82993877853839,3.5318215057482
611,0.043 ,82.411 ,165.5856,11.3736,0.184244651853606,4.779556477869,3.53760190101129
612,0.108 ,80.813 ,170.7912,11.9616,0.725000984739066,4.84574872544032,3.47776410560263
613,0.108 ,79.589 ,176.0616,12.4464,0.290473477735587,4.91213145429961,3.483437456509
614,0.108 ,78.739 ,179.9928,12.9624,0.284334139721557,4.86155867234224,3.42327852803017
615,0.151 ,77.242 ,184.5504,13.56,-0.057621611707157,4.86946364579321,3.42884483457981
616,0.130 ,76.867 ,188.6112,14.172,0.192383844282013,4.81860514190388,3.36836477303081
617,0.108 ,74.318 ,192.888,14.7744,0.445193397213492,4.7086974387423,3.30767062276836
618,0.130 ,72.907 ,196.3224,15.2808,0.252906320080562,4.65736273163303,3.37928329741664
619,0.130 ,72.158 ,199.8432,15.8472,0.73327995193837,4.54678834396354,3.38474255960956
620,0.130 ,69.912 ,203.4504,16.4544,0.42732373034954,4.49497743363434,3.45667636732802
621,0.130 ,69.221 ,206.3016,16.8456,0.18056750018846,4.3244966808967,3.52882426375993
622,0.130 ,67.061 ,208.872,17.4744,0.281334358099991,4.15344448429514,3.73456351738325
623,0.086 ,65.390 ,209.304,18.0288,0.369005395168986,3.98182084382965,3.94094503714692
624,0.022 ,65.477 ,210.924,18.4128,0.739193499937874,3.69057495451586,4.28177426895581
625,0.108 ,63.850 ,212.0472,18.9072,0.148075241907555,3.69647987444308,4.62367394433193
626,0.086 ,61.963 ,214.1208,19.2096,0.512349798676939,3.52323714302981,5.10087768660705
627,0.108 ,60.322 ,214.8984,19.7664,0.810263594986446,3.40923409217677,5.64680390589892
628,0.065 ,59.803 ,215.6112,20.1312,0.811553823640883,3.29485007874777,6.32910463565702
629,0.086 ,57.989 ,216,20.4504,0.230305814817007,3.18008510274283,7.41817392096593
630,0.086 ,57.427 ,214.6392,21.024,0.244240284284927,3.24522970323028,8.10539869113334
631,0.151 ,56.261 ,215.784,21.3624,0.815424509604194,3.1299885240054,9.47128468293024
632,0.108 ,54.230 ,214.4232,21.6024,0.360715676064229,3.13494103749275,10.8414524489961
633,0.086 ,53.568 ,212.8248,21.9504,0.313568570650009,3.26065868755626,12.2159019893309
634,0.000 ,52.574 ,212.544,22.2072,0.751020595936879,3.32627949126365,13.5946333039347
635,0.065 ,51.322 ,210.7944,22.4928,0.458160195190584,3.39209077625901,15.6584485015714
636,0.065 ,50.717 ,208.6344,22.7184,0.75338601513668,3.57942912298244,17.7286863606115
637,0.065 ,49.493 ,208.0944,22.9584,0.53505782299503,3.82810244443382,19.8053468810551
638,0.086 ,48.110 ,205.308,23.2056,0.687046758487711,4.19925523405313,21.2044166234364
639,0.086 ,47.304 ,204.012,23.3352,0.405991949929514,4.63250492355229,22.6077681400867
640,0.108 ,46.195 ,201.3552,23.544,0.310138712810298,4.9449894764753,24.0154014310059
641,0.065 ,45.562 ,199.5624,23.6016,0.690272330123803,5.68643788991803,24.7400917260266
642,0.086 ,43.949 ,196.7112,23.6472,0.255798582647592,6.12397340839664,24.7786276944472
643,0.130 ,43.085 ,194.9616,23.7888,0.692422711214532,6.74684722007493,24.127798005566
644,0.065 ,42.754 ,192.1968,23.9256,0.152569538387177,7.98592799835238,22.7843913286811
645,0.043 ,41.069 ,190.7496,24,0.833487710766312,9.22881840238933,21.4367028775272
646,0.043 ,39.974 ,186.2784,23.9952,0.834777939420749,10.4755184321858,19.3921556641008
647,0.065 ,39.470 ,183.9024,23.9544,0.271722154624435,11.7260280877417,17.341185789271
648,0.065 ,38.779 ,180.2736,23.9472,0.446591144922466,12.9803473690572,15.2837932530377
649,0.043 ,37.469 ,177.7032,23.9688,0.244605849070351,14.2384762761321,13.219978055401
650,0.108 ,37.008 ,175.1976,23.8728,0.132990318556095,16.7404479936839,11.1497401963609
651,0.000 ,35.856 ,170.9856,23.7936,0.245358482452106,18.6290699639562,9.07307967591735
652,0.000 ,35.654 ,168.3504,23.7576,0.175524856530702,21.1453277781061,7.68899614347739
653,0.000 ,33.595 ,165.8016,23.5584,0.653952393501401,23.669204843775,6.44064485536332
654,0.000 ,33.595 ,162.324,23.4888,0.485932366977341,26.2007011609629,5.11832591675305
655,0.000 ,32.717 ,158.0472,23.5104,0.296236499058739,28.1150381051118,4.07282368463076
656,0.000 ,32.213 ,155.5416,23.2416,0.706400188304266,30.6608205188978,3.79771968785035
657,0.000 ,31.622 ,152.0208,23.0976,0.403260965944289,31.9608553093273,3.16958340259453
658,0.000 ,30.427 ,149.2776,22.7592,0.016296663096085,33.2646997255162,2.61006254999873
659,0.000 ,29.736 ,146.4264,22.8408,0.205791470382704,33.9437655171471,2.26077681400866
660,0.000 ,28.786 ,143.9856,22.584,0.675165902961437,33.365654808143,1.98117695424585
661,0.000 ,28.138 ,140.5512,22.5936,-0.029894597923306,32.1551462230618,1.70072073962925
662,0.000 ,27.158 ,137.7,22.1616,0.135441752999526,30.9408280122211,1.56134898717473
663,0.000 ,26.683 ,134.6328,21.876,0.46405223937918,28.4579044234668,1.35047160442866
664,0.000 ,26.338 ,131.112,21.744,0.300300719320215,26.6007118657104,1.21013645276363
665,0.000 ,25.315 ,128.088,21.4848,0.243466147092265,22.8348968024444,1.06937312367171
666,0.000 ,24.782 ,125.4744,21.3552,0.172116502501898,20.3281630526933,0.999580203087733
667,0.000 ,24.192 ,122.1696,20.9808,0.251379549506145,17.8138100514231,0.929573193790305
668,0.000 ,23.803 ,118.6488,20.8488,-0.222983767203077,14.6546778903576,0.85935209577943
669,0.000 ,22.939 ,116.1864,20.4528,0.64113612220066,12.7622462943258,0.788916909055107
670,0.000 ,22.234 ,112.5792,20.388,0.129861514069086,10.8641002596548,0.718267633617336
671,0.000 ,21.787 ,111.1752,20.172,0.173406731156335,8.32022265874853,0.697757934869038
672,0.000 ,21.370 ,107.1576,19.8072,-0.07959635607331,6.40969534035916,0.669979924299187
673,0.000 ,20.995 ,104.3496,19.5168,0.42756027226952,5.13537552380633,0.642116278243957
674,0.000 ,20.030 ,101.8656,19.1568,0.108863042718123,3.85724608149399,0.614166996703348
675,0.000 ,20.117 ,99.036,18.9936,0.188975490253208,3.02598574077104,0.607840675220966
676,0.000 ,19.138 ,97.0272,18.7032,0.29116159968462,2.45016080722258,0.579752236016616
677,0.000 ,18.706 ,94.0896,18.4632,-0.069982002216664,2.06634101195293,0.558835768712767
678,0.000 ,18.058 ,91.0656,18.2688,0.430732084378344,1.5520415344204,0.530586762973331
679,0.000 ,17.669 ,89.2728,17.9208,0.219338871254293,1.42480003405309,0.502252121748516
680,0.000 ,17.366 ,86.4,17.5344,0.314848047398993,1.10260093544336,0.473831845038322
681,0.000 ,16.819 ,84.672,17.3592,-0.024931518365905,0.974311787992187,0.452626357971318
682,0.000 ,16.445 ,82.08,17.0112,-0.062420187111118,0.845641677965066,0.43135664429028
683,0.000 ,16.027 ,79.704,16.5408,0.03309436498631,0.651446004874541,0.395379035995379
684,0.000 ,15.552 ,77.1984,16.6032,0.235681767543828,0.632826458974984,0.373959460214928
685,0.000 ,15.250 ,75.8376,16.1328,0.309783899930327,0.614149768689034,0.352475657820442
686,0.000 ,14.515 ,72.7704,15.804,-0.140344621886386,0.543071676081158,0.330927628811922
687,0.000 ,13.795 ,70.632,15.5568,0.377262858557383,0.458678941443829,0.309315373189367
688,0.000 ,14.198 ,68.2992,15.18,0.333362828590164,0.380600661502872,0.302389603309331
689,0.000 ,14.040 ,66.7008,15.012,0.281914960994488,0.354866639497447,0.288056363944002
690,0.000 ,13.651 ,64.5624,14.6976,0.025260526672786,0.41461109547081,0.266283541786361
691,0.000 ,12.744 ,62.4888,14.364,0.230649875791524,0.369076543580383,0.266668901470567
692,0.000 ,13.061 ,60.6528,14.0352,0.081961775273112,0.389410421071716,0.252217913312842
693,0.000 ,12.888 ,58.8384,13.8864,0.073872041609791,0.356923837407578,0.245152985769065
694,0.000 ,12.614 ,57.8232,13.5816,-0.026901267445012,0.172099843685423,0.238066649353943
695,0.000 ,11.722 ,55.512,13.2984,-0.082316588153082,0.265149952861217,0.230958904067476
696,0.000 ,11.045 ,54.0648,12.984,0.352221670755852,0.292084006980883,0.23129074157332
697,0.000 ,11.275 ,51.6672,12.7536,0.195125580172691,0.265911878013117,0.224150882979836
698,0.000 ,10.872 ,50.6952,12.4224,0.12024931059353,0.186404988412347,0.216989615515008
699,0.000 ,9.965 ,48.9888,12.1488,0.677370043579433,0.186671662215512,0.217300044149507
700,0.000 ,10.382 ,47.3256,11.9424,0,0,0.217610472784006
701,0.000 ,9.677 ,46.0728,11.7192,0,0,0.217920901418506
702,0.000 ,9.634 ,44.0424,11.3712,0,0,0.210706111775315
703,0.000 ,9.245 ,43.5672,11.0904,0,0,0.211005835974142
704,0.000 ,9.302 ,41.7312,10.8624,0,0,0.203758933023934
705,0.000 ,8.986 ,40.284,10.5768,0,0,0.211605284371796
706,0.000 ,8.784 ,39.1824,10.3464,0,0,0.211905008570623
707,0.000 ,8.482 ,37.8216,10.1496,0,0,0.21220473276945
708,0.000 ,8.410 ,36.8064,9.8664,0,0,0.212504456968277
709,0.000 ,7.963 ,35.532,9.6984,0,0,0.212804181167103
710,0.000 ,7.517 ,34.3656,9.4224,0,0,0.21310390536593
711,0.000 ,7.790 ,33.6528,9.192,0,0,0.221025187763499
712,0.000 ,7.474 ,31.8168,9.012,0,0,0.228967879032412
713,0.000 ,7.142 ,31.104,8.6448,0,0,0.221646045032497
714,0.000 ,7.186 ,29.5488,8.6184,0,0,0.214302802161238
715,0.000 ,6.826 ,29.2032,8.2968,0,0,0.206938150418634
716,0.000 ,6.638 ,28.188,8.1456,0,0,0.207227170181789
717,0.000 ,6.365 ,26.7192,7.9176,0,0,0.215201974757719
718,0.000 ,6.293 ,25.8768,7.7352,0,0,0.20010872045965
719,0.000 ,6.221 ,24.9048,7.4928,0,0,0.200387035787132
720,0.000 ,6.019 ,24.3432,7.3392,0,0,0.192947452994821
721,0.000 ,5.774 ,23.6304,7.2216,0,0,0.185486461331165
722,0.000 ,5.861 ,22.9824,7.0152,0,0,0.185743367787303
723,0.000 ,5.587 ,22.4208,6.7704,0,0,0.18600027424344
724,0.000 ,5.486 ,21.4704,6.5808,0,0,0.186257180699578
725,0.000 ,5.314 ,20.6928,6.444,0,0,0.17874266685756
726,0.000 ,4.997 ,19.8288,6.3216,0,0,0.171206744144198
727,0.000 ,4.997 ,19.2024,6.0936,0,0,0.17923507089849
728,0.000 ,4.824 ,18.4032,5.9976,0,0,0.171677739313783
729,0.000 ,4.579 ,17.928,5.7936,0,0,0.164098998857731
730,0.000 ,4.608 ,17.712,5.604,0,0,0.156498849530335
731,0.000 ,4.608 ,16.7832,5.5032,0,0,0.156712938243782
732,0.000 ,4.090 ,16.2432,5.4672,0,0,0.15692702695723
733,0.000 ,4.205 ,15.9192,5.2464,0,0,0.157141115670678
734,0.000 ,4.464 ,15.2928,5.088,0,0,0.141619683945713
735,0.000 ,4.133 ,14.7096,4.956,0,0,0.133933899132938
736,0.000 ,4.075 ,14.3208,4.788,0,0,0.134115874539368
737,0.000 ,4.018 ,13.5216,4.6248,0,0,0.126397976419575
738,0.000 ,3.744 ,13.0464,4.5696,0,0,0.126569247390334
739,0.000 ,3.398 ,12.6792,4.5408,0,0,0.126740518361092
740,0.000 ,3.542 ,12.5712,4.3176,0,0,0.12691178933185
741,0.000 ,3.485 ,11.9448,4.2048,0,0,0.127083060302608
742,0.000 ,3.197 ,11.3184,4.1208,0,0,0.127254331273367
743,0.000 ,3.240 ,11.0808,3.9552,0,0,0.135389702384383
744,0.000 ,3.096 ,10.7136,3.8112,0,0,0.135571677790813
745,0.000 ,3.010 ,10.5192,3.7248,0,0,0.135753653197244
746,0.000 ,3.053 ,10.0224,3.6912,0,0,0.143931842050949
747,0.000 ,2.765 ,9.828,3.5448,0,0,0.136117604010105
748,0.000 ,2.794 ,9.6336,3.432,0,0,0.136299579416536
749,0.000 ,2.750 ,9.072,3.2544,0,0,0.144509881577258
750,0.000 ,2.794 ,8.532,3.2568,0,0,0.136663530229397
751,0.000 ,2.534 ,8.3808,3.1488,0,0,0.136845505635828
752,0.000 ,2.520 ,8.1648,3.0048,0,0,0.128967040980949
753,0.000 ,2.419 ,8.0352,3.0192,0,0,0.121067167454725
754,0.000 ,2.362 ,7.7112,2.916,0,0,0.121227733989811
755,0.000 ,2.160 ,7.3656,2.772,0,0,0.129480853893224
756,0.000 ,2.347 ,7.1064,2.7072,0,0,0.121548867059983
757,0.000 ,2.261 ,7.0416,2.6208,0,0,0.113595471355398
758,0.000 ,2.174 ,6.8688,2.5776,0,0,0.113745333454811
759,0.000 ,1.987 ,6.5664,2.5488,0,0,0.105759824443208
760,0.000 ,1.973 ,6.4368,2.4576,0,0,0.105898982106949
761,0.000 ,2.102 ,5.9832,2.4264,0,0,0.09788135978833
762,0.000 ,2.102 ,5.7888,2.3328,0,0,0.106177297434432
763,0.000 ,1.800 ,5.8536,2.244,0,0,0.098138266244467
764,0.000 ,1.670 ,5.5512,2.1048,0,0,0.106455612761914
765,0.000 ,1.901 ,5.4,2.1552,0,0,0.098395172700604
766,0.000 ,1.843 ,4.9896,2.0856,0,0,0.098523625928673
767,0.000 ,1.570 ,5.0112,1.9992,0,0,0.106873085753137
768,0.000 ,1.656 ,4.752,1.968,0,0,0.107012243416878
769,0.000 ,1.570 ,4.6224,1.8672,0,0,0.098908985612879
770,0.000 ,1.570 ,4.2768,1.8336,0,0,0.099037438840948
771,0.000 ,1.555 ,4.2552,1.776,0,0,0.099165892069017
772,0.000 ,1.368 ,4.1688,1.7448,0,0,0.099294345297085
773,0.000 ,1.512 ,3.9528,1.6368,0,0,0.091137565314724
774,0.000 ,1.426 ,3.9312,1.6296,0,0,0.099551251753223
775,0.000 ,1.498 ,3.7152,1.5936,0,0,0.091373062899517
776,0.000 ,1.483 ,3.5424,1.512,0,0,0.082341730522722
777,0.000 ,1.310 ,3.4992,1.416,0,0,0.082447704435879
778,0.000 ,1.310 ,3.3048,1.4016,0,0,0.083387553887914
779,0.000 ,1.109 ,3.456,1.392,0,0,0.07848492234996
780,0.000 ,1.224 ,3.0456,1.3248,0,0,0.082765626175349
781,0.000 ,1.238 ,3.0888,1.3176,0,0,0.083708686958086
782,0.000 ,1.109 ,2.7216,1.2696,0,0,0.079624944749069
783,0.000 ,1.123 ,2.808,1.2504,0,0,0.072173587077519
784,0.000 ,1.238 ,2.6784,1.1616,0,0,0.078988030826562
785,0.000 ,1.051 ,2.6136,1.1928,0,0,0.082454127097282
786,0.000 ,1.008 ,2.5272,1.1328,0,0,0.083401469654288
787,0.000 ,1.037 ,2.7432,1.092,0,0,0.080976914974492
788,0.000 ,1.138 ,2.268,1.056,0,0,0.081924257531499
789,0.000 ,0.878 ,2.4192,1.0248,0,0,0.079491139303165
790,0.000 ,0.950 ,2.3976,1.0512,0,0,0.079591760998485
791,0.000 ,0.893 ,2.2248,1.0104,0,0,0.077996800083299
792,0.000 ,0.734 ,2.2464,0.972,0,0,0.083188451384408
793,0.000 ,0.792 ,1.9224,0.9336,0,0,0.09349254116265
794,0.000 ,0.749 ,1.9224,0.924,0,0,0.074037229328082
795,0.000 ,0.706 ,1.7496,0.8616,0,0,0.075834504077476
796,0.000 ,0.864 ,1.728,0.8256,0,0,0.07678291707805
797,0.000 ,0.734 ,1.8144,0.8568,0,0,0.074316615099132
798,0.000 ,0.749 ,1.5552,0.8088,0,0,0.068422752817914
799,0.000 ,0.734 ,1.6848,0.7512,0,0,0.07364651742604
800,0.000 ,0.734 ,1.6416,0.768,0,0,0
